Cluster	ID	Description	GeneRatio	BgRatio	RichFactor	FoldEnrichment	zScore	pvalue	p.adjust	qvalue	geneID	Count
Dim.1	GO:0043596	nuclear replication fork	2/19	41/19894	0.0487804878048781	51.0757381258023	9.92383625647411	0.000693060252034996	0.0356252921833751	0.025000205040965	PARP1/POLD2	2
Dim.1	GO:0000228	nuclear chromosome	3/19	226/19894	0.0132743362831858	13.8989287377736	6.02977540964154	0.00122552552932241	0.0356252921833751	0.025000205040965	PARP1/SLX4/POLD2	3
Dim.1	GO:0032838	plasma membrane bounded cell projection cytoplasm	3/19	262/19894	0.0114503816793893	11.9891522699879	5.53612563475533	0.00187183004348295	0.0356252921833751	0.025000205040965	TUBB4B/STAU1/RSPH3	3
Dim.1	GO:0005657	replication fork	2/19	74/19894	0.027027027027027	28.298719772404	7.2741070540157	0.00224041929582399	0.0356252921833751	0.025000205040965	PARP1/POLD2	2
Dim.1	GO:0099568	cytoplasmic region	3/19	298/19894	0.0100671140939597	10.540798304486	5.13076950233384	0.00269888577146781	0.0356252921833751	0.025000205040965	TUBB4B/STAU1/RSPH3	3
Dim.1	GO:0005881	cytoplasmic microtubule	2/19	106/19894	0.0188679245283019	19.7557100297915	5.98630533730209	0.0045328722874423	0.0498615951618653	0.0349905930960458	TUBA1B/TUBB4B	2
Dim.4	GO:0001726	ruffle	3/19	182/19894	0.0164835164835165	17.2591093117409	6.81303268997162	0.000655141445124978	0.0419290524879986	0.0365499964122356	FSCN1/MACF1/FGD4	3
