Cluster	ID	Description	GeneRatio	BgRatio	RichFactor	FoldEnrichment	zScore	pvalue	p.adjust	qvalue	geneID	Count
Dim.2	GO:0035329	hippo signaling	3/21	44/18888	0.0681818181818182	61.3246753246753	13.3651702839666	1.52335545355354e-05	0.00639809290492486	0.00501905533644481	TEAD4/SCHIP1/IQCJ-SCHIP1	3
Dim.2	GO:0035330	regulation of hippo signaling	2/21	26/18888	0.0769230769230769	69.1868131868132	11.6073454561339	0.000376525388404428	0.045920846817709	0.0360231204359471	SCHIP1/IQCJ-SCHIP1	2
Dim.2	GO:0032104	regulation of response to extracellular stimulus	2/21	28/18888	0.0714285714285714	64.2448979591837	11.1730921464531	0.000437341398263895	0.045920846817709	0.0360231204359471	BBS2/KANK2	2
Dim.2	GO:0032107	regulation of response to nutrient levels	2/21	28/18888	0.0714285714285714	64.2448979591837	11.1730921464531	0.000437341398263895	0.045920846817709	0.0360231204359471	BBS2/KANK2	2
